{
  "name": "Cold Iron",
  "category": "gear",
  "icon": "bewitchment:cold_iron_ingot",
  "pages": [
	{
	  "type": "text",
	  "text": "The bane of Oberon, and the bane of spirits in general, this is iron that has been worked in a cold flame, as to keep it's pristine nature, giving it dominion against spirits."
	},
	{
	  "type": "crafting",
	  "recipe": "bewitchment:equipment/armor/cold_iron_helmet",
	  "recipe2": "bewitchment:equipment/armor/cold_iron_chestplate"
	},
	{
	  "type": "crafting",
	  "recipe": "bewitchment:equipment/armor/cold_iron_leggings",
	  "recipe2": "bewitchment:equipment/armor/cold_iron_boots"
	},
	{
	  "type": "crafting",
	  "recipe": "bewitchment:equipment/tool/cold_iron_sword",
	  "recipe2": "bewitchment:equipment/tool/cold_iron_pickaxe"
	},
	{
	  "type": "crafting",
	  "recipe": "bewitchment:equipment/tool/cold_iron_hoe",
	  "recipe2": "bewitchment:equipment/tool/cold_iron_axe"
	},
	{
	  "type": "crafting",
	  "recipe": "bewitchment:equipment/tool/cold_iron_shovel"
	}
  ]
}