{
  "name": "Silver",
  "category": "gear",
  "icon": "bewitchment:silver_ingot",
  "pages": [
	{
	  "type": "text",
	  "text": "No abomination can resist this metal. Regardless of how it has been worked, and whom it has blessed to; it will always be the end-all for most corporeal monstrosities, just as cold iron is effective against spirits."
	},
	{
	  "type": "crafting",
	  "recipe": "bewitchment:equipment/armor/silver_helmet",
	  "recipe2": "bewitchment:equipment/armor/silver_chestplate"
	},
	{
	  "type": "crafting",
	  "recipe": "bewitchment:equipment/armor/silver_leggings",
	  "recipe2": "bewitchment:equipment/armor/silver_boots"
	},
	{
	  "type": "crafting",
	  "recipe": "bewitchment:equipment/tool/silver_sword",
	  "recipe2": "bewitchment:equipment/tool/silver_pickaxe"
	},
	{
	  "type": "crafting",
	  "recipe": "bewitchment:equipment/tool/silver_hoe",
	  "recipe2": "bewitchment:equipment/tool/silver_axe"
	},
	{
	  "type": "crafting",
	  "recipe": "bewitchment:equipment/tool/silver_shovel"
	}
  ]
}