{
  "name": "蒸馏塔",
  "category": "devices",
  "icon": "bewitchment:distillery",
  "pages": [
	{
	  "type": "text",
	  "text": "用来制造比女巫烤箱单独产生的烟雾更高级的烟雾。某些其他化合物也可以用这种装置产生。蒸馏塔需要魔法能量，必须使用烈焰粉作为燃料。"
	},
	{
	  "type": "crafting",
	  "recipe": "bewitchment:distillery"
	},
	{
	  "type": "bewitchment:distillery_recipe",
	  "recipe": "bewitchment:cleansing_balm",
	  "text": "具有净化能力的药膏"
	},
	{
	  "type": "bewitchment:distillery_recipe",
	  "recipe": "bewitchment:demonic_elixir",
	  "text": "被注入了恶魔本质的污秽混合物"
	},
	{
	  "type": "bewitchment:distillery_recipe",
	  "recipe": "bewitchment:fiery_unguent",
	  "text": "想来一点土（辣）味吗？"
	},
	{
	  "type": "bewitchment:distillery_recipe",
	  "recipe": "bewitchment:oil_of_vitriol",
	  "text": "毫不留情的批评"
	},
	{
	  "type": "bewitchment:distillery_recipe",
	  "recipe": "bewitchment:swirl_of_depths",
	  "text": "$(o)可能这东西具有催眠的效果"
	},
	{
	  "type": "bewitchment:distillery_recipe",
	  "recipe": "bewitchment:heaven_extract",
	  "text": "从天堂而来"
	},
	{
	  "type": "bewitchment:distillery_recipe",
	  "recipe": "bewitchment:stone_ichor",
	  "text": "这瓶混合物还带着泥土的芳香"
	},
	{
	  "type": "bewitchment:distillery_recipe",
	  "recipe": "bewitchment:otherworld_tears",
	  "text": "仔细聆听, 你能听到他们的哭泣"
	}
  ]
}
