{
  "name": "女巫烤箱",
  "category": "devices",
  "icon": "bewitchment:witches_oven",
  "pages": [
	{
	  "type": "text",
	  "text": "通常情况下是一个有志女巫所获得的第一个机器，女巫烤箱可以将一些特定试剂烧炼成特殊的烟雾，并产出一系列副产物。如果女巫烤箱内放有粘土罐子，它将会收集这些产出的烟雾"
	},
	{
	  "type": "crafting",
	  "recipe": "bewitchment:witches_oven"
	},
	{
	  "type": "bewitchment:oven_recipe",
	  "recipe": "bewitchment:oak_spirit",
	  "text": "一种至关重要的提取物，由任何种类的橡树树苗做成"
	},
	{
	  "type": "bewitchment:oven_recipe",
	  "recipe": "bewitchment:oak_spirit_alt"
	},
	{
	  "type": "bewitchment:oven_recipe",
	  "recipe": "bewitchment:spruce_heart",
	  "text": "云杉树的精华，是制作纺车的重要材料"
	},
	{
	  "type": "bewitchment:oven_recipe",
	  "recipe": "bewitchment:birch_soul",
	  "text": "从桦树苗中提取的清淡烟雾"
	},
	{
	  "type": "bewitchment:oven_recipe",
	  "recipe": "bewitchment:cloudy_oil",
	  "text": "一种常见的从肉类和一些草本植物中提取的油状产物，通常作为生产高级烟雾的基础溶剂"
	},
	{
	  "type": "bewitchment:oven_recipe",
	  "recipe": "bewitchment:cloudy_oil_alt0"
	},
	{
	  "type": "bewitchment:oven_recipe",
	  "recipe": "bewitchment:acacia_resin",
	  "text": "一种很难获取的强力治疗烟雾"
	},
	{
	  "type": "bewitchment:oven_recipe",
	  "recipe": "bewitchment:ebb_of_death",
	  "text": "一种污浊的油膏，散发着死亡和腐烂的气息，从柏树中提取"
	},
	{
	  "type": "bewitchment:oven_recipe",
	  "recipe": "bewitchment:droplet_of_wisdom",
	  "text": "一种接骨木树的提取物，据说可以给使用者灌输知识"
	},
	{
	  "type": "bewitchment:oven_recipe",
	  "recipe": "bewitchment:liquid_witchcraft",
	  "text": "从杜松树苗中提取，充满了魔力"
	},
	{
	  "type": "bewitchment:oven_recipe",
	  "recipe": "bewitchment:essence_of_vitality",
	  "text": "燃烧紫杉树苗剩下的残留物，蕴含些许生命力量"
	},
	{
	  "type": "bewitchment:oven_recipe",
	  "recipe": "bewitchment:ectoplasm",
	  "text": "那么，你想要召唤谁?"
	},
	{
	  "type": "bewitchment:oven_recipe",
	  "recipe": "bewitchment:ectoplasm_alt"
	},
	{
	  "type": "bewitchment:oven_recipe",
	  "recipe": "bewitchment:dimensional_sand",
	  "text": "一种蓝绿色的材料，可以从中感受到以太能量与之共鸣，它与末地有着强有力的联系"
	},
	{
	  "type": "bewitchment:oven_recipe",
	  "recipe": "bewitchment:dimensional_sand_alt0"
	},
	{
	  "type": "bewitchment:oven_recipe",
	  "recipe": "bewitchment:dimensional_sand_alt1"
	}
  ]
}
