{
  "name": "祭坛以及装饰物",
  "category": "magic_overview",
  "icon": "bewitchment:pentacle",
  "sortnum": 0,
  "pages": [
	{
	  "type": "text",
	  "title": "Altars",
	  "text": "如果魔法能量是女巫栖居地的血液, 祭坛就是循环血液的心脏. 祭坛是通过以2x3的布局放置6个相同类型的祭坛块而形成的, 然后在上面铺上任何颜色的地毯. 祭坛可以从附近32米范围内的植物身上吸收能量, 并把能量供应给16米范围内的设备."
	},
	{
	  "type": "crafting",
	  "recipe": "bewitchment:stone_witches_altar"
	},
	{
	  "type": "multiblock",
	  "name": "如何搭建",
	  "multiblock": {
		"mapping": {
		  "A": "bewitchment:stone_witches_altar[type=0]",
		  "0": "bewitchment:stone_witches_altar[type=0]"
		},
		"pattern": [
		  [
			"AA",
			"0A",
			"AA"
		  ]
		]
	  },
	  "text": "祭坛周围的方块必须$(i)不能$()是其他的祭坛方块"
	},
	{
	  "type": "text",
	  "title": "Modifiers",
	  "text": "装饰物可以被分为4类: 盛具, 剑, 法杖, 以及五芒星. 每个祭坛只能从每种分类中的第一个放置上的物品中汲取力量, 相同分类的物品效果不会堆叠."
	},
	{
	  "type": "text",
	  "text": "盛具: 玻璃瓶, 花盆, 高脚杯, 以及盛满的高脚杯. $(br2)剑: 原版剑, 银剑, 仪式刀, 伯莱恩新月小刀. $(br2)法杖: 蜡烛, 火把, 末地烛. $(br2)五芒星: 珍贵的宝石, 头骨, 或者五芒星本身."
	}
  ]
}