{
  "name": "仪式刀和伯莱恩新月小刀",
  "category": "magic_overview",
  "icon": "bewitchment:athame",
  "pages": [
	{
	  "type": "text",
	  "text": "一种神圣的仪式匕首，传统上有一个黑色的柄。当用这种仪式刀杀死生物时，他们可能会掉落独特的物品。这柄仪式刀也被用做增加祭坛魔力的辅助品。"
	},
	{
	  "type": "crafting",
	  "recipe": "bewitchment:equipment/tool/athame"
	},
	{
	  "type": "text",
	  "text": "通常柄为白色的一把小镰刀，它可以无伤害地从生物身上获取物品，比如从乌鸦身上获取羽毛，从羊身上获取毛线等，同时也在许多偏自然向的仪式上发挥作用。"
	},
	{
	  "type": "crafting",
	  "recipe": "bewitchment:equipment/tool/boline"
	}
  ]
}