{
  "name": "幸运女神的垂青",
  "category": "magic_overview",
  "icon": "bewitchment:fortunes_favor",
  "pages": [
	{
	  "type": "text",
	  "text": "这双手套可以提升你的挖掘速度，可以从矿石中获得更多的掉落物，比如煤炭以及青金石，还能让你更轻松地获得巫媒。没人知道在制作这双手套的过程中使用了什么魔法，但你可以在一些强大存在的库存中找到这种手套，那些被遗忘的箱子中有时也会出现这种手套。"
	},
	{
	  "type": "spotlight",
	  "item": "bewitchment:fortunes_favor",
	  "text": "$(o)幸运儿~"
	}
  ]
}