{
  "name": "命运与占卜",
  "category": "magic_overview",
  "icon": "bewitchment:crystal_ball",
  "pages": [
	{
	  "type": "text",
	  "text": "占卜是一种获得目标信息的有效手段。接下来的页面详细介绍了如何释读占卜，除此之外还有如何为目标占卜运势，等待宇宙实现它们。"
	},
	{
	  "type": "empty",
	  "draw_filler": false
	},
	{
	  "type": "text",
	  "title": "占卜水晶球",
	  "text": "水晶球一般都很神奇。它们最常用来预测未来和宣布命运，但也有人声称它们可以用于其他事情，比如远程窥探。右击与某一目标绑定的巫媒，你可以获得它的一些信息，但这些信息并不会直接显示出来，而是需要你的进一步阐释。"
	},
	{
	  "type": "bewitchment:ritual",
	  "recipe": "bewitchment:crystal_ball"
	}
  ]
}
