{
  "name": "赫卡忒之面",
  "category": "magic_overview",
  "icon": "bewitchment:hecates_visage",
  "pages": [
	{
	  "type": "text",
	  "text": "灼灼燃烧的银冠象征了这名伟大女神的火炬，而皎月的点点银光则赐予她磅礴的力量。当穿戴着这件装备时，它会使得 仪式的消耗降低，并且会提升所有非诅咒类仪式的效率。作为一件远古女神的物品，它的制作方法早已遗失在了时间长河之中，但你可以在奖励箱以及末地城中发现这件物品。"
	},
	{
	  "type": "spotlight",
	  "item": "bewitchment:hecates_visage",
	  "text": "降低仪式消耗"
	}
  ]
}