{
  "name": "Magical Energy",
  "category": "magical_overview",
  "icon": "bewitchment:pentacle",
  "pages": [
	{
	  "type": "text",
	  "text": "所有的生命形式中都内蕴着生命能量，无论是最小的幼苗还是在时间尽头仍然存在的巨龙。女巫们通常关注于按其意愿那般操控这种能量，无论她们是好是坏....然而，你只能自由操控植物以及真菌所蕴含的能量，那些可以自由行动的动物们则不行。"
	},
	{
	  "type": "text",
	  "text": "这种能量，简称ME，只有在充满了不同植物的花园中才能发挥其最大作用，这种花园必须像是彩虹那般有着不同的颜色，而不是一堆同质而重复的东西的简单堆叠。用通常的话讲，一名女巫需要在她的仪式中使用许多不同种类的植物，而不是仅仅使用一种植物。"
	}
  ]
}