{
  "name": "巴卡司之杖",
  "category": "magic_overview",
  "icon": "bewitchment:thyrsus",
  "pages": [
	{
	  "type": "text",
	  "text": "一片巨大的茴香，其上装饰着松果以及常春藤；松果内藏着一小块能够刺穿敌人的铁。对着动物使用这根杖子，会使得它们进入繁殖状态。这根手杖的制作工艺尚不明确，但你可以用木棍来轻松地修复它"
	},
	{
	  "type": "spotlight",
	  "item": "bewitchment:thyrsus",
	  "text": "这件武器只能对敌人造成较低的伤害，并对目标造成反胃效果。修复起来很容易，附魔性也较好。"
	}
  ]
}