{
  "name": "三曲腿护身符",
  "category": "magic_overview",
  "icon": "bewitchment:triskelion",
  "pages": [
	{
	  "type": "text",
	  "text": "一个金质奖章，其上刻出漩涡型纹路作为点缀，它可以消耗ME来为佩戴者附加力量效果。这一古代文明的留存物的制作方法早已遗失，但你可以在奖励箱内发现这一饰品，你也可以击败一些非常古老强大的生物，它们也会掉落出这件饰品。"
	},
	{
	  "type": "spotlight",
	  "item": "bewitchment:triskelion",
	  "text": "这只能够从奖励箱以及恶魔交易中获得"
	}
  ]
}