{
  "name": "女巫设备",
  "category": "magic_overview",
  "icon": "bewitchment:witches_cauldron",
  "sortnum": 1,
  "pages": [
	{
	  "type": "text",
	  "text": "女巫在进行巫术生产的任意环节中，都有各式各样的独特装置可供使用。它们在下方列出来了，你可以点击它们的标题来跳转到对应页面。"
	},
	{
	  "type": "crafting",
	  "recipe": "bewitchment:witches_oven"
	},
	{
	  "type": "crafting",
	  "recipe": "bewitchment:distillery"
	},
	{
	  "type": "crafting",
	  "recipe": "bewitchment:spinning_wheel"
	},
	{
	  "type": "crafting",
	  "recipe": "bewitchment:witches_cauldron"
	},
	{
	  "type": "crafting",
	  "recipe": "bewitchment:brazier"
	},
	{
	  "type": "crafting",
	  "recipe": "bewitchment:sigil_table"
	},
	{
	  "type": "crafting",
	  "recipe": "bewitchment:oak_poppet_shelf"
	},
	{
	  "type": "crafting",
	  "recipe": "bewitchment:crystal_ball"
	}
  ]
}