{
  "processor": "com.bewitchment.common.integration.patchouli.ProcessorIncense",
  "components": [
	{
	  "type": "item",
	  "item": "#input0",
	  "x": 20,
	  "y": 13
	},
	{
	  "type": "item",
	  "item": "#input1",
	  "x": 39,
	  "y": 13
	},
	{
	  "type": "item",
	  "item": "#input2",
	  "x": 58,
	  "y": 13
	},
	{
	  "type": "item",
	  "item": "#input3",
	  "x": 77,
	  "y": 13
	},
	{
	  "type": "item",
	  "item": "#input4",
	  "x": 20,
	  "y": 32
	},
	{
	  "type": "item",
	  "item": "#input5",
	  "x": 39,
	  "y": 32
	},
	{
	  "type": "item",
	  "item": "#input6",
	  "x": 58,
	  "y": 32
	},
	{
	  "type": "item",
	  "item": "#input7",
	  "x": 77,
	  "y": 32
	},
	{
	  "type": "text",
	  "text": "#text",
	  "y": 86
	},
	{
	  "type": "header",
	  "text": "#name",
	  "x": -1
	},
	{
	  "type": "image",
	  "image": "bewitchment:textures/gui/patchouli/gui.png",
	  "x": 16,
	  "y": 9,
	  "u": 156,
	  "v": 128,
	  "width": 80,
	  "height": 80
	}
  ]
}
