{
  "name": "巫毒娃娃",
  "category": "gear",
  "icon": "bewitchment:poppet",
  "pages": [
	{
	  "type": "text",
	  "text": "巫毒娃娃是一种可以与目标绑定在一起的小玩偶，人们通常会把这个目标定为自己，因为巫毒娃娃可以保护他免收一切形式的伤害。也就是说，女巫可以利用巫毒娃娃，给那些与她作对的人下巫毒（Voodoo）。女巫为了保护自己的巫毒娃娃的安全，有时会随身携带着它，有时会把它放入特殊的架子中。$(o)西班牙苔藓是巫毒娃娃制作过程中的关键物品，所以计划一趟沼泽旅行或许是一个不错的主意。"
	},
	{
	  "type": "crafting",
	  "recipe": "bewitchment:poppet",
	  "text": "这种作为合成的基础巫毒娃娃没有什么太大的作用，也无法与他人绑定。$(br)$(o)注意：先要激活娃娃，必须将其与他人绑定。想要使得巫毒娃娃与某人绑定，你需要一只手拿着巫毒娃娃，另一只手拿着巫媒。"
	},
	{
	  "type": "crafting",
	  "recipe": "bewitchment:poppet_tool",
	  "text": "就像它的护甲版本变种，这一娃娃不会直接破坏你的工具，而是保留了工具的最后一次使用机会"
	},
	{
	  "type": "crafting",
	  "recipe": "bewitchment:poppet_binding",
	  "text": "使攻击你的人迟缓"
	},
	{
	  "type": "crafting",
	  "recipe": "bewitchment:poppet_clumsy",
	  "text": "攻击你的人有一定几率被缴械"
	},
	{
	  "type": "crafting",
	  "recipe": "bewitchment:poppet_deathprotection",
	  "text": "帮助你欺骗死亡，仅生效一次"
	},
	{
	  "type": "crafting",
	  "recipe": "bewitchment:poppet_earthprotection",
	  "text": "减轻摔落伤害"
	},
	{
	  "type": "crafting",
	  "recipe": "bewitchment:poppet_flameprotection",
	  "text": "减轻火焰伤害"
	},
	{
	  "type": "crafting",
	  "recipe": "bewitchment:poppet_waterprotection",
	  "text": "短时间内保护目标不受溺水伤害"
	},
	{
	  "type": "crafting",
	  "recipe": "bewitchment:poppet_hungerprotection",
	  "text": "减轻因饥饿带来的伤害，并回复少许饱食度"
	},
	{
	  "type": "crafting",
	  "recipe": "bewitchment:poppet_spiritbane",
	  "text": "减少来自于灵体的伤害"
	},
	{
	  "type": "crafting",
	  "recipe": "bewitchment:poppet_vampiric",
	  "text": "将你所受的伤害转移至娃娃所绑定的目标身上。$(r)娃娃必须放置在物品栏中"
	},
	{
	  "type": "crafting",
	  "recipe": "bewitchment:poppet_voodooprotection",
	  "text": "保护你免受吸血鬼以及巫毒的影响 (W.I.P)"
	},
	{
	  "type": "crafting",
	  "recipe": "bewitchment:poppet_voodoo",
	  "text": "右击使用骨针，会伤害到这一娃娃所绑定的对象。"
	},
	{
	  "type": "crafting",
	  "recipe": "bewitchment:poppet_wasting",
	  "text": "攻击携带者该娃娃的人会感到饥饿"
	}
  ]
}