{
  "name": "银",
  "category": "gear",
  "icon": "bewitchment:silver_ingot",
  "pages": [
	{
	  "type": "text",
	  "text": "被恐惧与怨憎侵染的对象都会对银毫无抵抗力。即便我们不知道它的具体工作原理，也不清楚它是被谁祝福过；但它仍然是这个世界上绝大多数具有物质形态的怪物的末日，就像是寒铁对于灵体的杀伤力那样。"
	},
	{
	  "type": "crafting",
	  "recipe": "bewitchment:equipment/armor/silver_helmet",
	  "recipe2": "bewitchment:equipment/armor/silver_chestplate"
	},
	{
	  "type": "crafting",
	  "recipe": "bewitchment:equipment/armor/silver_leggings",
	  "recipe2": "bewitchment:equipment/armor/silver_boots"
	},
	{
	  "type": "crafting",
	  "recipe": "bewitchment:equipment/tool/silver_sword",
	  "recipe2": "bewitchment:equipment/tool/silver_pickaxe"
	},
	{
	  "type": "crafting",
	  "recipe": "bewitchment:equipment/tool/silver_hoe",
	  "recipe2": "bewitchment:equipment/tool/silver_axe"
	},
	{
	  "type": "crafting",
	  "recipe": "bewitchment:equipment/tool/silver_shovel"
	}
  ]
}