{
  "name": "女巫长袍",
  "category": "gear",
  "icon": "bewitchment:witches_hat",
  "pages": [
	{
	  "type": "text",
	  "text": "女巫长袍是从事于巫术之路的人的首选服装，尽管看上去很平凡，这件长袍依然会在你学习巫术的特定阶段给予你一些助益。"
	},
	{
	  "type": "crafting",
	  "recipe": "bewitchment:equipment/armor/witches_hat",
	  "recipe2": "bewitchment:equipment/armor/witches_cowl"
	},
	{
	  "type": "crafting",
	  "recipe": "bewitchment:equipment/armor/witches_robes",
	  "recipe2": "bewitchment:equipment/armor/witches_pants"
	}
  ]
}