{
  "name": "Basic Fumes",
  "category": "distilling_and_smelting",
  "icon": "bewitchment:oak_spirit",
  "sortnum": 1,
  "pages": [
	{
	  "type": "text",
	  "text": "Fumes are destructive extractions of woods via burning them in an Oven. They are vital components to all forms of witchcraft. In order to collect a fume, a Clay Jar must be inserted into the bottom middle slot of the Oven, then a viable sapling placed in the left slot, and a burnable fuel placed in the bottom left slot."
	},
	{
	  "type": "bewitchment:oven_recipe",
	  "recipe": "bewitchment:oak_spirit",
	  "text": "One of the most vital of all extracts, made from any type of oak sapling"
	},
	{
	  "type": "bewitchment:oven_recipe",
	  "recipe": "bewitchment:oak_spirit_alt"
	},
	{
	  "type": "bewitchment:oven_recipe",
	  "recipe": "bewitchment:spruce_heart",
	  "text": "Essence of spruce trees, and vital to the Spinning Wheel"
	},
	{
	  "type": "bewitchment:oven_recipe",
	  "recipe": "bewitchment:birch_soul",
	  "text": "A light and airy fume derived from young birch"
	},
	{
	  "type": "bewitchment:oven_recipe",
	  "recipe": "bewitchment:cloudy_oil",
	  "text": "A common oil produced from cooking meats and herbs, and often used as a base oil for more advanced fumes"
	},
	{
	  "type": "bewitchment:oven_recipe",
	  "recipe": "bewitchment:cloudy_oil_alt0"
	},
	{
	  "type": "bewitchment:oven_recipe",
	  "recipe": "bewitchment:acacia_resin",
	  "text": "A rather hard to find fume with great powers in healing"
	},
	{
	  "type": "bewitchment:oven_recipe",
	  "recipe": "bewitchment:ebb_of_death",
	  "text": "A foul oil that reeks of death and decay, derived from the Cypress tree"
	},
	{
	  "type": "bewitchment:oven_recipe",
	  "recipe": "bewitchment:droplet_of_wisdom",
	  "text": "An extract from Elder trees that is said to imbue knowledge on the user"
	},
	{
	  "type": "bewitchment:oven_recipe",
	  "recipe": "bewitchment:liquid_witchcraft",
	  "text": "An extract from mandrakes that just hums with magical energy"
	},
	{
	  "type": "bewitchment:oven_recipe",
	  "recipe": "bewitchment:essence_of_vitality",
	  "text": "A life-giving residue obtained from burned Yew saplings"
	}
  ]
}
