{
  "name": "Witches' Robes",
  "category": "spinning_wheel",
  "icon": "bewitchment:witches_hat",
  "pages": [
	{
	  "type": "text",
	  "text": "Witch’s Robes are the preferred clothing for practitioners of Witchcraft. While rather mundane on their own, these robes can also be modified into boost specific sects of the craft."
	},
	{
	  "type": "crafting",
	  "recipe": "bewitchment:equipment/armor/witches_hat",
	  "recipe2": "bewitchment:equipment/armor/witches_cowl"
	},
	{
	  "type": "crafting",
	  "recipe": "bewitchment:equipment/armor/witches_robes",
	  "recipe2": "bewitchment:equipment/armor/witches_pants"
	}
  ]
}