{
  "name": "高级魔法精华",
  "category": "distilling_and_smelting",
  "icon": "bewitchment:cleansing_balm",
  "sortnum": 2,
  "pages": [
	{
	  "type": "text",
	  "text": "可以使用蒸馏器将基础魔法精华与其它魔法试剂(当然包括其它基础精华)混合，以便制成更高级的混合物，这种混合物在更强大的魔法中会用到。"
	},
	{
	  "type": "bewitchment:distillery_recipe",
	  "recipe": "bewitchment:cleansing_balm",
	  "text": "具有净化能力的药膏"
	},
	{
	  "type": "bewitchment:distillery_recipe",
	  "recipe": "bewitchment:demonic_elixir",
	  "text": "被注入了恶魔本质的污秽混合物"
	},
	{
	  "type": "bewitchment:distillery_recipe",
	  "recipe": "bewitchment:fiery_unguent",
	  "text": "想来一点土（辣）味吗？"
	},
	{
	  "type": "bewitchment:distillery_recipe",
	  "recipe": "bewitchment:oil_of_vitriol",
	  "text": "毫不留情的批评"
	},
	{
	  "type": "bewitchment:distillery_recipe",
	  "recipe": "bewitchment:swirl_of_depths",
	  "text": "$(o)可能这东西具有催眠的效果"
	},
	{
	  "type": "bewitchment:distillery_recipe",
	  "recipe": "bewitchment:heaven_extract",
	  "text": "从天堂而来"
	},
	{
	  "type": "bewitchment:distillery_recipe",
	  "recipe": "bewitchment:stone_ichor",
	  "text": "这瓶混合物还带着泥土的芳香"
	},
	{
	  "type": "bewitchment:distillery_recipe",
	  "recipe": "bewitchment:otherworld_tears",
	  "text": "仔细聆听, 你能听到他们的哭泣"
	}
  ]
}
