{
  "name": "基础魔法精华",
  "category": "distilling_and_smelting",
  "icon": "bewitchment:oak_spirit",
  "sortnum": 1,
  "pages": [
	{
	  "type": "text",
	  "text": "通过在女巫烤箱中燃烧树苗，可以破坏性地提取出基础魔法精华。它们在所有巫术形式中都有着重要的作用. 为了提取精华, 必须将陶罐放入烤箱中间的底部槽中，然后将树苗放在左边的槽中, 而燃料放置在左下角槽中。"
	},
	{
	  "type": "bewitchment:oven_recipe",
	  "recipe": "bewitchment:oak_spirit",
	  "text": "最重要的提取物中的一个, 用任何一种橡树树苗制成"
	},
	{
	  "type": "bewitchment:oven_recipe",
	  "recipe": "bewitchment:oak_spirit_alt"
	},
	{
	  "type": "bewitchment:oven_recipe",
	  "recipe": "bewitchment:spruce_heart",
	  "text": "云杉精华, 在纺车制造中至关重要"
	},
	{
	  "type": "bewitchment:oven_recipe",
	  "recipe": "bewitchment:birch_soul",
	  "text": "一种轻灵的精华，从幼小的桦树中提取而来"
	},
	{
	  "type": "bewitchment:oven_recipe",
	  "recipe": "bewitchment:cloudy_oil",
	  "text": "从植物中提取的一种常见精华, 经常被用于调制高级魔法精华"
	},
	{
	  "type": "bewitchment:oven_recipe",
	  "recipe": "bewitchment:cloudy_oil_alt0"
	},
	{
	  "type": "bewitchment:oven_recipe",
	  "recipe": "bewitchment:acacia_resin",
	  "text": "这是一种很难找到的，具有治疗功效的精华"
	},
	{
	  "type": "bewitchment:oven_recipe",
	  "recipe": "bewitchment:ebb_of_death",
	  "text": "一种充满了死亡和衰败气息的精华, 提取自柏树"
	},
	{
	  "type": "bewitchment:oven_recipe",
	  "recipe": "bewitchment:droplet_of_wisdom",
	  "text": "一种从接骨木中提取的精华，据说可以向使用者灌输知识"
	},
	{
	  "type": "bewitchment:oven_recipe",
	  "recipe": "bewitchment:liquid_witchcraft",
	  "text": "曼陀罗的提取物，充满了魔法能量"
	},
	{
	  "type": "bewitchment:oven_recipe",
	  "recipe": "bewitchment:essence_of_vitality",
	  "text": "从烧焦的杜松树苗中提取出的生命精华"
	}
  ]
}
