{
  "name": "瓶装地狱烈焰",
  "category": "distilling_and_smelting",
  "icon": "bewitchment:bottled_hellfire",
  "pages": [
	{
	  "type": "text",
	  "text": "瓶装地狱烈焰是一种充满了魔力，同时也非常猛烈的火焰，它不会蔓延，在一些普通火焰无法发挥作用的地方，可以用它来加热釜锅. 但是一定要牢记，决不能让地狱烈焰接触身体，因为它会对你造成无法弥补的损伤."
	},
	{
	  "type": "bewitchment:distillery_recipe",
	  "recipe": "bewitchment:bottled_hellfire"
	}
  ]
}
