{
  "name": "瓶装霜火",
  "category": "distilling_and_smelting",
  "icon": "bewitchment:bottled_frostfire",
  "pages": [
	{
	  "type": "bewitchment:distillery_recipe",
	  "recipe": "bewitchment:bottled_frostfire",
	  "text": "一种奇怪的火，摸起来很冷. 当放置下来时，它可以将投掷进入其中的铁矿石烧制为寒铁锭"
	},
	{
	  "type": "spotlight",
	  "item": "bewitchment:cold_iron_ingot",
	  "text": "它是Oberon的祸根，也是灵魂的祸根, 这种铁在霜火中锻造而出, 它的本质给予了它排斥精神领域的特性"
	},
	{
	  "type": "crafting",
	  "recipe": "bewitchment:equipment/armor/cold_iron_helmet",
	  "recipe2": "bewitchment:equipment/armor/cold_iron_chestplate"
	},
	{
	  "type": "crafting",
	  "recipe": "bewitchment:equipment/armor/cold_iron_leggings",
	  "recipe2": "bewitchment:equipment/armor/cold_iron_boots"
	},
	{
	  "type": "crafting",
	  "recipe": "bewitchment:equipment/tool/cold_iron_sword",
	  "recipe2": "bewitchment:equipment/tool/cold_iron_pickaxe"
	},
	{
	  "type": "crafting",
	  "recipe": "bewitchment:equipment/tool/cold_iron_hoe",
	  "recipe2": "bewitchment:equipment/tool/cold_iron_axe"
	},
	{
	  "type": "crafting",
	  "recipe": "bewitchment:equipment/tool/cold_iron_shovel"
	}
  ]
}
