{
  "name": "灵皮",
  "category": "distilling_and_smelting",
  "icon": "bewitchment:ectoplasm",
  "pages": [
	{
	  "type": "text",
	  "text": "一种超自然的黏性物质，它会从进入精神恍惚的中介主体身上渗出，亦可以从那些表征着精神层面的材料中得到."
	},
	{
	  "type": "bewitchment:oven_recipe",
	  "recipe": "bewitchment:ectoplasm",
	  "text": "那么，你想要召唤谁?"
	},
	{
	  "type": "bewitchment:oven_recipe",
	  "recipe": "bewitchment:ectoplasm_alt"
	}
  ]
}
