{
  "name": "女巫烤箱和蒸馏器",
  "category": "distilling_and_smelting",
  "icon": "bewitchment:distillery",
  "priority": true,
  "pages": [
	{
	  "type": "text",
	  "text": "尽管它们的用途和外观都很平凡, 女巫烤箱和蒸馏器对所有形式的高等魔法都是不可或缺的. 烤箱可以将树苗和其他物品蒸馏成提取物, 而蒸馏厂可以将精华与其它材料一起加工成更复杂的混合物。"
	},
	{
	  "type": "crafting",
	  "recipe": "bewitchment:witches_oven"
	},
	{
	  "type": "crafting",
	  "recipe": "bewitchment:distillery"
	}
  ]
}
