{
  "name": "World Manipulation",
  "category": "rituals",
  "icon": "minecraft:gold_ingot",
  "pages": [
	{
	  "type": "text",
	  "text": "Various rituals that allow a witch to change what condition the world is in"
	},
	{
	  "type": "empty",
	  "draw_filler": false
	},
	{
	  "type": "text",
	  "title": "Solar Glory",
	  "text": "Turns it to day. Only works at night"
	},
	{
	  "type": "bewitchment:ritual",
	  "recipe": "bewitchment:solar_glory"
	},
	{
	  "type": "text",
	  "title": "High Moon",
	  "text": "Turns it to night. Only works during the day"
	},
	{
	  "type": "bewitchment:ritual",
	  "recipe": "bewitchment:high_moon"
	},
	{
	  "type": "text",
	  "title": "Sands of Time",
	  "text": "Manipulates time to speed up the daylight cycle"
	},
	{
	  "type": "bewitchment:ritual",
	  "recipe": "bewitchment:sands_of_time"
	},
	{
	  "type": "text",
	  "title": "Deluge",
	  "text": "Causes a downpour"
	},
	{
	  "type": "bewitchment:ritual",
	  "recipe": "bewitchment:deluge"
	},
	{
	  "type": "text",
	  "title": "Drought",
	  "text": "Stops any rain"
	},
	{
	  "type": "bewitchment:ritual",
	  "recipe": "bewitchment:drought"
	}
  ]
}
