{
  "name": "炼金植物",
  "category": "cauldron_and_brewing",
  "icon": "bewitchment:torchwood",
  "pages": [
	{
	  "type": "text",
	  "text": "通过釜锅，炼金术可以创造出各种各样的植物"
	},
	{
	  "type": "bewitchment:cauldron_recipe",
	  "recipe": "bewitchment:embergrass",
	  "text": "炼金术创造的植物. 它所迸发出的火星会灼烧那些想要触碰它的人. 这种植物会不断蔓延，是用于基地布防的好材料。"
	},
	{
	  "type": "bewitchment:cauldron_recipe",
	  "recipe": "bewitchment:torchwood",
	  "text": "炼金术创造的植物. 其主干的顶端的球茎能够发光。就像其它自然植物一样，火炬木也会蔓延开来。"
	},
	{
	  "type": "bewitchment:cauldron_recipe",
	  "recipe": "bewitchment:frostflower",
	  "text": "这种花就是矛盾的结合体, 这种炼金术创造的液体与空气接触后冻结，并形成了花的形状, 它能够合成为雪球。"
	},
	{
	  "type": "bewitchment:cauldron_recipe",
	  "recipe": "bewitchment:flower_siphoning_poppy",
	  "text": "尽管看上去很像是一株人畜无害的花朵，这种炼金制造的花朵的身上实际上长满了倒钩以及尖刺，它会从那些触碰它的人的身上采集到的一份血液样本。"
	},
	{
	  "type": "text",
	  "text": "想要提取被其吸收的血液，你需要主手拿着伯莱恩新月匕首，副手拿着空的巫媒，然后右键。所有原版的花朵都可以这样被制作为汲血花。"
	},
	{
	  "type": "bewitchment:cauldron_recipe",
	  "recipe": "bewitchment:blue_ink_cap",
	  "text": "由炼金术所创造的蘑菇. 这种蘑菇会在它的凝胶状的产孢体中产生蓝色的墨水, 所以它可以替代蓝色染料参与合成。"
	}
  ]
}
