{
  "name": "油脂和蜡烛",
  "category": "cauldron_and_brewing",
  "icon": "bewitchment:tallow",
  "pages": [
	{
	  "type": "text",
	  "text": "油脂是从死者身上提炼出来的. 虽然在一些酿造以及仪式中会使用到它, 但它是最广泛的用途为制作飞行软膏和蜡烛."
	},
	{
	  "type": "bewitchment:cauldron_recipe",
	  "recipe": "bewitchment:tallow",
	  "text": "将腐肉的脂肪煮熟. 用来制作蜡烛以及其它东西."
	},
	{
	  "type": "crafting",
	  "recipe": "bewitchment:white_candle",
	  "text": "蜡烛可被染色成16中不同的颜色!"
	},
	{
	  "type": "crafting",
	  "recipe": "bewitchment:flying_ointment",
	  "text": "一种相当怪异的混合物，由油脂和许多已知的具有刺激精神活性的有毒芳香植物混合而成, 扫帚可以涂上这种混合物，魔力会渗透其中，让它拥有飞行的能力."
	}
  ]
}
