{
  "name": "Juniper",
  "category": "trees",
  "icon": "bewitchment:juniper_sapling",
  "pages": [
	{
	  "type": "text",
	  "title": "Juniper",
	  "text": "A tree mostly found in arid settings, most commonly in the Savanna. This tree is renowned for its great magic powers, and extracts from young trees are used to make Liquid Witchcraft. Brooms of this wood type have innate magic powers, and do not need ME to fly. It produces small blue berry-like cones that are a popular spice."
	},
	{
	  "type": "image",
	  "images": [
		"bewitchment:textures/gui/patchouli/juniper.png"
	  ],
	  "border": true
	}
  ]
}
