{
  "name": "熏香",
  "category": "brazier",
  "icon": "bewitchment:brazier",
  "pages": [
	{
	  "type": "text",
	  "text": "将特定的植物与[龙血树脂]相结合，然后将其点燃, 在其所产生的香氛中入睡, 醒来之后，使用者会感到精神愉悦，并且感知更为敏锐. 香氛会影响以火盆为中心的五格范围."
	},
	{
	  "type": "bewitchment:incense_recipe",
	  "recipe": "bewitchment:vitality",
	  "text": "强化了使用者的血肉，让他们减少所受伤害，并且可以造成更多伤害。"
	},
	{
	  "type": "bewitchment:incense_recipe",
	  "recipe": "bewitchment:deftness",
	  "text": "提高使用者的速度和敏捷性。"
	},
	{
	  "type": "bewitchment:incense_recipe",
	  "recipe": "bewitchment:invigorating",
	  "text": "使用者会更加坚韧, 并且会提高挖掘方块的速度。"
	},
	{
	  "type": "bewitchment:incense_recipe",
	  "recipe": "bewitchment:cats_eye",
	  "text": "刺激使用者的眼睛，让他们像猫一样能在黑暗中看到东西。"
	},
	{
	  "type": "bewitchment:incense_recipe",
	  "recipe": "bewitchment:fullness",
	  "text": "填饱使用者的胃, 并使他们能够承担更多伤害"
	},
	{
	  "type": "bewitchment:incense_recipe",
	  "recipe": "bewitchment:intensity",
	  "text": "在已经点燃的熏香旁，另起一个火盆并点燃这种熏香, 这种熏香可以增强前者的效果. 与浓度熏香不兼容。"
	},
	{
	  "type": "bewitchment:incense_recipe",
	  "recipe": "bewitchment:concentration",
	  "text": "使附近火盆所燃烧出的香氛变浓, 让其持续更久. 与强度熏香不兼容。"
	}
  ]
}
