{
  "name": "Distillery",
  "category": "devices",
  "icon": "bewitchment:distillery",
  "pages": [
	{
	  "type": "text",
	  "text": "Used to make higher-tier fumes than what the Witch’s Oven can produce alone. Certain other compounds can also be created with this device. The distillery requires magic energy and must use Blaze Powder as a fuel."
	},
	{
	  "type": "crafting",
	  "recipe": "bewitchment:distillery"
	},
	{
	  "type": "bewitchment:distillery_recipe",
	  "recipe": "bewitchment:cleansing_balm",
	  "text": "A salve with purifying powers"
	},
	{
	  "type": "bewitchment:distillery_recipe",
	  "recipe": "bewitchment:demonic_elixir",
	  "text": "A foul mixture infused with the essence of a demon"
	},
	{
	  "type": "bewitchment:distillery_recipe",
	  "recipe": "bewitchment:fiery_unguent",
	  "text": "Get your spicy memes here"
	},
	{
	  "type": "bewitchment:distillery_recipe",
	  "recipe": "bewitchment:bottled_frostfire",
	  "text": "A strange anti-fire that is cold to the touch. When placed, it can smelt iron ore into Cold Iron when thrown in"
	},
	{
	  "type": "bewitchment:distillery_recipe",
	  "recipe": "bewitchment:oil_of_vitriol",
	  "text": "Cruel and bitter criticism"
	},
	{
	  "type": "bewitchment:distillery_recipe",
	  "recipe": "bewitchment:swirl_of_depths",
	  "text": "$(o)Might be kinda hypnotic"
	},
	{
	  "type": "bewitchment:distillery_recipe",
	  "recipe": "bewitchment:heaven_extract",
	  "text": "From the heavens"
	},
	{
	  "type": "bewitchment:distillery_recipe",
	  "recipe": "bewitchment:stone_ichor",
	  "text": "Earthy mixture"
	},
	{
	  "type": "bewitchment:distillery_recipe",
	  "recipe": "bewitchment:otherworld_tears",
	  "text": "If you listen closely, you can hear them cry ~"
	}
  ]
}
