{
  "name": "Sigil Table",
  "category": "devices",
  "icon": "bewitchment:sigil_table",
  "pages": [
	{
	  "type": "text",
	  "text": "A seemingly inconspicuous writing table, treated with Dragon’s Blood Resin, thus giving it a crimson tint. This fancy writing table is used to draw sigils. It also contains a unique 5x5 grid in which to draw them, to allow for a lot of freedom and space when drawing."
	},
	{
	  "type": "crafting",
	  "recipe": "bewitchment:sigil_table"
	},
	{
	  "type": "text",
	  "title": "Sigils",
	  "text": "Sigils are special symbols created by a witch in order to create certain effects or to protect certain areas. Sigils must be drawn using Dragon’s Blood Resin, though other similar compounds such as dyes may also be required depending on the specific sigil."
	},
	{
	  "type": "text",
	  "text": "Sigils may be applied on blocks to affect entities around it and fade away after a week. It can also be applied on chests and doors made from the wood of a Dragon’s Blood tree, and will apply the sigil to those who interact with it."
	},
	{
	  "type": "bewitchment:sigil_recipe",
	  "recipe": "bewitchment:mending"
	},
	{
	  "type": "spotlight",
	  "item": "bewitchment:sigil_mending",
	  "text": "Causes a target to regenerate health"
	},
	{
	  "type": "bewitchment:sigil_recipe",
	  "recipe": "bewitchment:ruin"
	},
	{
	  "type": "spotlight",
	  "item": "bewitchment:sigil_ruin",
	  "text": "Ills a target touching the sigil"
	},
	{
	  "type": "bewitchment:sigil_recipe",
	  "recipe": "bewitchment:binding"
	},
	{
	  "type": "spotlight",
	  "item": "bewitchment:sigil_binding",
	  "text": "Inflicts temporary paralysis"
	},
	{
	  "type": "bewitchment:sigil_recipe",
	  "recipe": "bewitchment:cleansing"
	},
	{
	  "type": "spotlight",
	  "item": "bewitchment:sigil_cleansing",
	  "text": "Removes debuffs from target"
	},
	{
	  "type": "bewitchment:sigil_recipe",
	  "recipe": "bewitchment:failure"
	},
	{
	  "type": "spotlight",
	  "item": "bewitchment:sigil_failure",
	  "text": "Causes rituals to fail for a target for some time"
	},
	{
	  "type": "bewitchment:sigil_recipe",
	  "recipe": "bewitchment:purity"
	},
	{
	  "type": "spotlight",
	  "item": "bewitchment:sigil_purity",
	  "text": "Removes some lesser curses, but not all"
	},
	{
	  "type": "bewitchment:sigil_recipe",
	  "recipe": "bewitchment:luck"
	},
	{
	  "type": "spotlight",
	  "item": "bewitchment:sigil_luck",
	  "text": "Increases the chance of finding better loot in chests for a period of time"
	},
	{
	  "type": "bewitchment:sigil_recipe",
	  "recipe": "bewitchment:battle"
	},
	{
	  "type": "spotlight",
	  "item": "bewitchment:sigil_battle",
	  "text": "Provides a minor strength and resistance buff"
	},
	{
	  "type": "bewitchment:sigil_recipe",
	  "recipe": "bewitchment:disorientation"
	},
	{
	  "type": "spotlight",
	  "item": "bewitchment:sigil_disorientation",
	  "text": "Confuses mobs and players"
	},
	{
	  "type": "bewitchment:sigil_recipe",
	  "recipe": "bewitchment:shrieking"
	},
	{
	  "type": "spotlight",
	  "item": "bewitchment:sigil_shrieking",
	  "text": "Shrieks at a target, $(o)very loudly"
	},
	{
	  "type": "bewitchment:sigil_recipe",
	  "recipe": "bewitchment:sentinel"
	},
	{
	  "type": "spotlight",
	  "item": "bewitchment:sigil_sentinel",
	  "text": "Summons spooky ghosts to attack the target"
	}
  ]
}
