{
  "name": "Spinning Wheel",
  "category": "devices",
  "icon": "bewitchment:spinning_wheel",
  "pages": [
	{
	  "type": "text",
	  "text": "Used to create magical threads and strings, can also be used to make more specialised forms of Witch’s Robes."
	},
	{
	  "type": "crafting",
	  "recipe": "bewitchment:spinning_wheel"
	},
	{
	  "type": "bewitchment:spinning_wheel_recipe",
	  "recipe": "bewitchment:cobweb",
	  "text": "Those spiders don’t got anything on you"
	},
	{
	  "type": "bewitchment:spinning_wheel_recipe",
	  "recipe": "bewitchment:witches_stitching",
	  "text": "You got to pick up every stitch, must be the season of the Witch"
	},
	{
	  "type": "bewitchment:spinning_wheel_recipe",
	  "recipe": "bewitchment:diabolical_vein",
	  "text": "A thread that has been seared in fire and then soaked in heartblood. Ew."
	},
	{
	  "anchor": "pure_fillament",
	  "type": "bewitchment:spinning_wheel_recipe",
	  "recipe": "bewitchment:pure_filament",
	  "text": "A shining silver thread, blessed and purified"
	}
  ]
}
