{
  "name": "Witches' Oven",
  "category": "devices",
  "icon": "bewitchment:witches_oven",
  "pages": [
	{
	  "type": "text",
	  "text": "Likely the first machine the aspiring witch will obtain, the Witches' Oven can burn certain reagents down to special fumes, and can produce a range of secondary products. If a Witches' Oven is given Clay Jars, it will collect the produced fumes. The jar is only needed if the outpute is a fume."
	},
	{
	  "type": "crafting",
	  "recipe": "bewitchment:witches_oven"
	},
	{
	  "type": "bewitchment:oven_recipe",
	  "recipe": "bewitchment:oak_spirit",
	  "text": "One of the most vital of all extracts, made from any type of oak sapling"
	},
	{
	  "type": "bewitchment:oven_recipe",
	  "recipe": "bewitchment:oak_spirit_alt"
	},
	{
	  "type": "bewitchment:oven_recipe",
	  "recipe": "bewitchment:spruce_heart",
	  "text": "Essence of spruce trees, and vital to the Spinning Wheel"
	},
	{
	  "type": "bewitchment:oven_recipe",
	  "recipe": "bewitchment:birch_soul",
	  "text": "A light and airy fume derived from young birch"
	},
	{
	  "type": "bewitchment:oven_recipe",
	  "recipe": "bewitchment:cloudy_oil",
	  "text": "A common oil produced from cooking meats and herbs, and often used as a base oil for more advanced fumes"
	},
	{
	  "type": "bewitchment:oven_recipe",
	  "recipe": "bewitchment:cloudy_oil_alt0"
	},
	{
	  "type": "bewitchment:oven_recipe",
	  "recipe": "bewitchment:acacia_resin",
	  "text": "A rather hard to find fume with great powers in healing"
	},
	{
	  "type": "bewitchment:oven_recipe",
	  "recipe": "bewitchment:ebb_of_death",
	  "text": "A foul oil that reeks of death and decay, derived from the Cypress tree"
	},
	{
	  "type": "bewitchment:oven_recipe",
	  "recipe": "bewitchment:droplet_of_wisdom",
	  "text": "An extract from Elder trees that is said to imbue knowledge on the user"
	},
	{
	  "type": "bewitchment:oven_recipe",
	  "recipe": "bewitchment:liquid_witchcraft",
	  "text": "An extract from mandrakes that just hums with magical energy"
	},
	{
	  "type": "bewitchment:oven_recipe",
	  "recipe": "bewitchment:essence_of_vitality",
	  "text": "A life-giving residue obtained from burned Yew saplings"
	},
	{
	  "type": "bewitchment:oven_recipe",
	  "recipe": "bewitchment:ectoplasm",
	  "text": "Who you gonna call?"
	},
	{
	  "type": "bewitchment:oven_recipe",
	  "recipe": "bewitchment:ectoplasm_alt"
	},
	{
	  "type": "bewitchment:oven_recipe",
	  "recipe": "bewitchment:dimensional_sand",
	  "text": "A green-blue material you can feel resonating with aetheric energy, along with a powerful connection to the Ender."
	},
	{
	  "type": "bewitchment:oven_recipe",
	  "recipe": "bewitchment:dimensional_sand_alt0"
	},
	{
	  "type": "bewitchment:oven_recipe",
	  "recipe": "bewitchment:dimensional_sand_alt1"
	}
  ]
}
