{
  "name": "Witches' Cauldron",
  "category": "devices",
  "icon": "bewitchment:witches_cauldron",
  "pages": [
	{
	  "type": "text",
	  "text": "Used most commonly for creating advanced brews that mundane Brewing Stands simply can’t match. Certain other items can be boiled down and combined in the cauldron to create new ones. Cauldrons require magic energy and need a fire under them to work. At any point, Wood Ash can be thrown in to clear the cauldron."
	},
	{
	  "type": "crafting",
	  "recipe": "bewitchment:witches_cauldron"
	},
	{
	  "type": "bewitchment:cauldron_recipe",
	  "recipe": "bewitchment:filled_goblet",
	  "text": "When filled with this magical mixture, the Goblet will give more power to altars, as well as emit a redstone signal."
	},
	{
	  "type": "bewitchment:cauldron_recipe",
	  "recipe": "bewitchment:embergrass",
	  "text": "An alchemically created plant. It emits burning cinders that ignite those who touch it. This plant will also spread, making it great for base defence."
	},
	{
	  "type": "bewitchment:cauldron_recipe",
	  "recipe": "bewitchment:torchwood",
	  "text": "An alchemically created plant. It emits light from the bulb at the end of its woody stem. Just as natural plants do, the Torchwood spreads."
	},
	{
	  "type": "bewitchment:cauldron_recipe",
	  "recipe": "bewitchment:tallow",
	  "text": "Boiled fat of the dead. Used for candles and more."
	},
	{
	  "type": "bewitchment:cauldron_recipe",
	  "recipe": "bewitchment:slimeball",
	  "text": "Sticky."
	},
	{
	  "type": "bewitchment:cauldron_recipe",
	  "recipe": "bewitchment:iron_gall_ink",
	  "text": "A cruelty-free substitute for Ink Sacs. Some claim it is vital in the creation of demonic contracts…"
	},
	{
	  "type": "bewitchment:cauldron_recipe",
	  "recipe": "bewitchment:catechu_brown",
	  "text": "A wood-derived alternative to cocoa beans for brown dye."
	},
	{
	  "type": "bewitchment:cauldron_recipe",
	  "recipe": "bewitchment:banner_pattern_removal",
	  "text": "A more mundane use of the cauldron is to clean dye from banners."
	},
	{
	  "type": "bewitchment:cauldron_recipe",
	  "recipe": "bewitchment:flower_siphoning_poppy",
	  "text": "While looking like any other innocent flower, the alchemical-created Siphoning Flower is covered with tiny barbs and spines, and will take a sample of blood from those who touch it."
	},
	{
	  "type": "text",
	  "text": "This sample can be harvested by using a boline on the flower while an Empty Taglock is held in the offhand. This recipe is applicable to all vanilla flowers."
	},
	{
	  "type": "bewitchment:cauldron_recipe",
	  "recipe": "bewitchment:blue_ink_cap",
	  "text": "An alchemically created mushroom. This mushroom produces a rich blue pigment in its gelatinous gleba, allowing it to be used as a substitute for blue dye."
	},
	{
	  "type": "bewitchment:cauldron_recipe",
	  "recipe": "bewitchment:frostflower",
	  "text": "While seeming as a living contradiction, this alchemically created flower’s fluids freeze on contact with the air, and can be crafted into a snowball."
	},
	{
	  "type": "text",
	  "title": "Teleporting",
	  "text": "A cauldron with Dimensional Sand thrown into it allows a user standing inside to teleport to other cauldrons that have been named via Name Tag by saying its name in chat."
	},
	{
	  "type": "text",
	  "title": "Disposal",
	  "text": "A cauldron that contains Lava will destroy any item thrown into it, as well as set any living entities on fire if they stand in it."
	},
	{
	  "type": "text",
	  "title": "Brews",
	  "text": "In order to designate cauldron tomfoolery as a brew, a Mandrake Root must be thrown in first before any other reagents. After that, throw in the other reagents you wish, however the more you add, the more expensive the brew will be, ME-wise."
	},
	{
	  "type": "text",
	  "text": "Including redstone will increase the duration of the brew, up to a certain amount. Glowstone has the same effect on potency, and a Raven's Feather will prevent particles from appearing. Gunpowder may also be thrown in to create a splash brew, and if an Owlet's Wing is thrown in as well, it becomes a lingering brew."
	},
	{
	  "type": "bewitchment:brew",
	  "recipe": "bewitchment:instant_health",
	  "text": "Heals the target if they are alive, or damages them if undead"
	},
	{
	  "type": "bewitchment:brew",
	  "recipe": "bewitchment:instant_damage",
	  "text": "Damages the target if they are alive, or heals them if undead"
	},
	{
	  "type": "bewitchment:brew",
	  "recipe": "bewitchment:regeneration",
	  "text": "Grants regeneration if the target is alive, does nothing otherwise"
	},
	{
	  "type": "bewitchment:brew",
	  "recipe": "bewitchment:poison",
	  "text": "Poisons the target if they are alive, does nothing otherwise"
	},
	{
	  "type": "bewitchment:brew",
	  "recipe": "bewitchment:wither",
	  "text": "Similar to poison but the capacity to kill, and damages undead as well"
	},
	{
	  "type": "bewitchment:brew",
	  "recipe": "bewitchment:night_vision",
	  "text": "Allows the target to see clearly in low light areas. The Eye of Old will give this in addition to Water Breathing"
	},
	{
	  "type": "bewitchment:brew",
	  "recipe": "bewitchment:blindness",
	  "text": "Obscures the target's vision, and prevents them from sprinting"
	},
	{
	  "type": "bewitchment:brew",
	  "recipe": "bewitchment:strength",
	  "text": "Strengthens the target's arms, allowing them to deal more melee damage"
	},
	{
	  "type": "bewitchment:brew",
	  "recipe": "bewitchment:weakness",
	  "text": "Weakens the target's arms, forcing them to deal less melee damage"
	},
	{
	  "type": "bewitchment:brew",
	  "recipe": "bewitchment:resistance",
	  "text": "Toughens the target's skin to receive less damage from non magical sources"
	},
	{
	  "type": "bewitchment:brew",
	  "recipe": "bewitchment:fire_resistance",
	  "text": "Grants the target immunity to fire and lava"
	},
	{
	  "type": "bewitchment:brew",
	  "recipe": "bewitchment:absorption",
	  "text": "Gives a temporarily boost to health"
	},
	{
	  "type": "bewitchment:brew",
	  "recipe": "bewitchment:jump_boost",
	  "text": "Strengthens the target's legs, allowing them to jump higher"
	},
	{
	  "type": "bewitchment:brew",
	  "recipe": "bewitchment:speed",
	  "text": "Strengthens the target's legs, allowing them to move faster"
	},
	{
	  "type": "bewitchment:brew",
	  "recipe": "bewitchment:slowness",
	  "text": "Weakens the target's legs, forcing them to move slower"
	},
	{
	  "type": "bewitchment:brew",
	  "recipe": "bewitchment:haste",
	  "text": "Strengthens the target's arms, allowing them to mine and attack faster"
	},
	{
	  "type": "bewitchment:brew",
	  "recipe": "bewitchment:mining_fatigue",
	  "text": "Weakens the target's arms, forcing them to mine and attack slower"
	},
	{
	  "type": "bewitchment:brew",
	  "recipe": "bewitchment:luck",
	  "text": "Gives the target a better chance at obtaining good loot"
	},
	{
	  "type": "bewitchment:brew",
	  "recipe": "bewitchment:unluck",
	  "text": "Gives the target a worse chance at obtaining good loot"
	},
	{
	  "type": "bewitchment:brew",
	  "recipe": "bewitchment:water_breathing",
	  "text": "Causes the target the grow a temporary set of gills, allowing them to breath while submerged in liquid. The Eye of Old will give this in addition to Night Vision"
	},
	{
	  "type": "bewitchment:brew",
	  "recipe": "bewitchment:invisibility",
	  "text": "Causes all light to pass through the target, rendering them invisible. Does not apply to the target's armor and held items, however"
	},
	{
	  "type": "bewitchment:brew",
	  "recipe": "bewitchment:hunger",
	  "text": "Causes the target to think too much about their next meal"
	},
	{
	  "type": "bewitchment:brew",
	  "recipe": "bewitchment:nausea",
	  "text": "Disorients the target"
	},
	{
	  "type": "bewitchment:brew",
	  "recipe": "bewitchment:glowing",
	  "text": "Causes the target to glow"
	},
	{
	  "type": "bewitchment:brew",
	  "recipe": "bewitchment:levitation",
	  "text": "Slowly raises the target into the air"
	},
	{
	  "type": "bewitchment:brew",
	  "recipe": "bewitchment:absence",
	  "text": "Purges the target of all potion effects"
	},
	{
	  "type": "bewitchment:brew",
	  "recipe": "bewitchment:purification",
	  "text": "Purges the target of negative potion effects"
	},
	{
	  "type": "bewitchment:brew",
	  "recipe": "bewitchment:corruption",
	  "text": "Purges the target of positive potion effects"
	},
	{
	  "type": "bewitchment:brew",
	  "recipe": "bewitchment:magic_resistance",
	  "text": "Allows the target to take less damage from magical sources"
	},
	{
	  "type": "bewitchment:brew",
	  "recipe": "bewitchment:magic_weakness",
	  "text": "Makes the target take more damage from magical sources"
	},
	{
	  "type": "bewitchment:brew",
	  "recipe": "bewitchment:hellworld",
	  "text": "Converts the surrounding area into a Nether-like landscape, and sets some of the land and all entities unfortunate enough to be hit by the splash on fire"
	},
	{
	  "type": "bewitchment:brew",
	  "recipe": "bewitchment:iceworld",
	  "text": "Converts the surrounding area into a winter wonderland, and extinguishes fires both on the ground and on entities. Perpetual Ice, a form of ice that does not melt, may appear, and may be crafted into Embittered Bricks similar to Stone Bricks"
	},
	{
	  "type": "bewitchment:brew",
	  "recipe": "bewitchment:rubedo",
	  "text": "Converts sand and colored blocks to their red counterpart"
	},
	{
	  "type": "bewitchment:brew",
	  "recipe": "bewitchment:citrinitas",
	  "text": "Converts red sand and colored blocks to their yellow counterpart"
	},
	{
	  "type": "bewitchment:brew",
	  "recipe": "bewitchment:desertification",
	  "text": "Converts various and plants into their desert counterpart"
	},
	{
	  "type": "bewitchment:brew",
	  "recipe": "bewitchment:fertility",
	  "text": "Causes plants to grow and animals to breed"
	},
	{
	  "type": "bewitchment:brew",
	  "recipe": "bewitchment:harvest",
	  "text": "Instantly harvests and re-plants seeds, and may make leaves drop apples and cause pumpkins to grow"
	},
	{
	  "type": "bewitchment:brew",
	  "recipe": "bewitchment:spore_cloud",
	  "text": "Causes mushrooms, mycelium, ferns, and moss to grow. I hope you don’t have allergies…"
	},
	{
	  "type": "bewitchment:brew",
	  "recipe": "bewitchment:blight",
	  "text": "Kills plants and crops, and weakens living creatures"
	},
	{
	  "type": "bewitchment:brew",
	  "recipe": "bewitchment:ruin",
	  "text": "Causes various blocks to decay or break down"
	},
	{
	  "type": "bewitchment:brew",
	  "recipe": "bewitchment:pesticide",
	  "text": "Damages arthropods"
	},
	{
	  "type": "bewitchment:brew",
	  "recipe": "bewitchment:arachnophobia",
	  "text": "Wraps the target in spider webs, and summons hungry spiders to attack them"
	},
	{
	  "type": "bewitchment:brew",
	  "recipe": "bewitchment:mending",
	  "text": "Turn dirt and mycelium to grass, and cure zombie villagers"
	},
	{
	  "type": "bewitchment:brew",
	  "recipe": "bewitchment:holy_water",
	  "text": "Next only to the Holy Hand Grenade! Damages unholy creatures, such as undead or demons"
	},
	{
	  "type": "bewitchment:brew",
	  "recipe": "bewitchment:wolfsbane",
	  "text": "Damages wolves and other canids"
	},
	{
	  "type": "bewitchment:brew",
	  "recipe": "bewitchment:deviants_decomposure",
	  "text": "Damages outcasts of society, such as illagers or witches. Has no effect on witch hunters"
	},
	{
	  "type": "bewitchment:brew",
	  "recipe": "bewitchment:sleeping",
	  "text": "Blinds and slows the target, and may kill them if they are on low enough health"
	},
	{
	  "type": "bewitchment:brew",
	  "recipe": "bewitchment:volatility",
	  "text": "KABOOM. Explode upon taking damage. Does not affect blocks"
	},
	{
	  "type": "bewitchment:brew",
	  "recipe": "bewitchment:grace",
	  "text": "Causes the target to take less fall damage"
	},
	{
	  "type": "bewitchment:brew",
	  "recipe": "bewitchment:shell_armor",
	  "text": "Damages those who attack the target"
	},
	{
	  "type": "bewitchment:brew",
	  "recipe": "bewitchment:deflection",
	  "text": "Ting! Reflects arrows and other projectiles away from the target"
	},
	{
	  "type": "bewitchment:brew",
	  "recipe": "bewitchment:revealing",
	  "text": "Purges invisibility from hit entities"
	},
	{
	  "type": "bewitchment:brew",
	  "recipe": "bewitchment:disrobing",
	  "text": "Takes off the armour and baubles of a target"
	},
	{
	  "type": "bewitchment:brew",
	  "recipe": "bewitchment:sinking",
	  "text": "It becomes harder to jump, to the point of preventing jumping at stronger potencies"
	},
	{
	  "type": "bewitchment:brew",
	  "recipe": "bewitchment:cursed_leaps",
	  "text": "Throws the target into the air, making them unable to act and then taking fall damage"
	}
  ]
}
