{
  "name": "柏树",
  "category": "trees",
  "icon": "bewitchment:cypress_sapling",
  "pages": [
	{
	  "type": "text",
	  "title": "Cypress",
	  "text": "在针叶环境中(如Taigas地形)发现的一种高大而黑暗的树。这种树与死亡和来世有关，对制备死亡低潮烟雾至关重要。尽管如此，用柏木制成的扫把在飞行中可以给骑手带来暂时的抗性提升。"
	},
	{
	  "type": "image",
	  "images": [
		"bewitchment:textures/gui/patchouli/cypress.png"
	  ],
	  "border": true
	}
  ]
}
