{
  "name": "杜松",
  "category": "trees",
  "icon": "bewitchment:juniper_sapling",
  "pages": [
	{
	  "type": "text",
	  "title": "Juniper",
	  "text": "一种主要在干旱地区发现的树，最常见的是在萨瓦纳草原。这棵树以其强大的魔力而闻名，从幼树中提取的提取物被用来制作液化魔力。这种木质的扫把具有天生的魔力，不需要额外提供魔力。它产生小的蓝色莓状球果是一种流行的香料。"
	},
	{
	  "type": "image",
	  "images": [
		"bewitchment:textures/gui/patchouli/juniper.png"
	  ],
	  "border": true
	}
  ]
}
