{
  "name": "炼金术士装备",
  "category": "spinning_wheel",
  "icon": "bewitchment:alchemist_hat",
  "pages": [
	{
	  "type": "text",
	  "text": "使用女巫缝线以及浸有元素魔法精华的银色羊毛缝制到普通长袍上，这件长跑能够提升穿戴者的酿造熟练度 (指的是在釜锅内的酿造)，减少酿造时间，并减少穿戴者所受的负面效果时长。"
	},
	{
	  "type": "bewitchment:spinning_wheel_recipe",
	  "recipe": "bewitchment:alchemist_hat"
	},
	{
	  "type": "bewitchment:spinning_wheel_recipe",
	  "recipe": "bewitchment:alchemist_hood"
	},
	{
	  "type": "bewitchment:spinning_wheel_recipe",
	  "recipe": "bewitchment:alchemist_robes"
	},
	{
	  "type": "bewitchment:spinning_wheel_recipe",
	  "recipe": "bewitchment:alchemist_pants"
	}
  ]
}