{
  "name": "绿野女巫长袍",
  "category": "spinning_wheel",
  "icon": "bewitchment:green_witch_hat",
  "pages": [
	{
	  "type": "text",
	  "text": "用真丝将蓝色羊毛以及生气勃勃的植物缝入传统长袍内，这一带有生命气息的长袍可以使得行走于自然之中的穿戴者得到增强，并让他们更为亲近大自然的灵魂，获得关于植物的知识，同时它也能催生周围的作物。"
	},
	{
	  "type": "bewitchment:spinning_wheel_recipe",
	  "recipe": "bewitchment:green_witch_hat"
	},
	{
	  "type": "bewitchment:spinning_wheel_recipe",
	  "recipe": "bewitchment:green_witch_hood"
	},
	{
	  "type": "bewitchment:spinning_wheel_recipe",
	  "recipe": "bewitchment:green_witch_robes"
	},
	{
	  "type": "bewitchment:spinning_wheel_recipe",
	  "recipe": "bewitchment:green_witch_pants"
	}
  ]
}