{
  "name": "魔法丝线",
  "category": "spinning_wheel",
  "icon": "bewitchment:spirit_string",
  "priority": true,
  "pages": [
	{
	  "type": "text",
	  "text": "人人知道丝线可以缝合物品。然而，魔法丝线可以做到比普通丝线更多的事情，譬如在灵魂甚至是维度的本原之间建立连接。"
	},
	{
	  "type": "bewitchment:spinning_wheel_recipe",
	  "recipe": "bewitchment:cobweb",
	  "text": "那些蜘蛛不会从你身上捞到什么东西的"
	},
	{
	  "type": "bewitchment:spinning_wheel_recipe",
	  "recipe": "bewitchment:witches_stitching",
	  "text": "抽丝捻线，巫师盛年"
	},
	{
	  "type": "bewitchment:spinning_wheel_recipe",
	  "recipe": "bewitchment:golden_thread",
	  "text": "闪亮的金线"
	},
	{
	  "type": "bewitchment:spinning_wheel_recipe",
	  "recipe": "bewitchment:pure_filament",
	  "text": "一根闪亮的银线，其上隐约闪动着祝福以及净化的光芒"
	},
	{
	  "type": "bewitchment:spinning_wheel_recipe",
	  "recipe": "bewitchment:spirit_string",
	  "text": "注入了灵魂的丝线"
	}
  ]
}
