{
  "name": "诅咒净化",
  "category": "rituals",
  "icon": "bewitchment:brazier",
  "pages": [
	{
	  "type": "text",
	  "text": "移除来自于其它恶魔女巫所施加的诅咒。次级仪式有50%的概率移除身上的某个诅咒，并且不能够移除强力诅咒；而高级仪式有90%的几率生效，且能移除强力诅咒。"
	},
	{
	  "type": "bewitchment:ritual",
	  "recipe": "bewitchment:lesser_curse_cleansing"
	},
	{
	  "type": "bewitchment:ritual",
	  "recipe": "bewitchment:greater_curse_cleansing"
	}
  ]
}
