{
  "name": "世界操纵",
  "category": "rituals",
  "icon": "minecraft:gold_ingot",
  "pages": [
	{
	  "type": "text",
	  "text": "各种允许女巫来改变当下世界具体情况的仪式"
	},
	{
	  "type": "empty",
	  "draw_filler": false
	},
	{
	  "type": "text",
	  "title": "焯日荣光",
	  "text": "将世界转为白天，只在晚上有效"
	},
	{
	  "type": "bewitchment:ritual",
	  "recipe": "bewitchment:solar_glory"
	},
	{
	  "type": "text",
	  "title": "皎月高悬",
	  "text": "将世界转为黑夜，只在白天有效"
	},
	{
	  "type": "bewitchment:ritual",
	  "recipe": "bewitchment:high_moon"
	},
	{
	  "type": "text",
	  "title": "时之沙",
	  "text": "操纵时间来加快日夜循环"
	},
	{
	  "type": "bewitchment:ritual",
	  "recipe": "bewitchment:sands_of_time"
	},
	{
	  "type": "text",
	  "title": "天倾倒灌",
	  "text": "引发一场倾盆大雨"
	},
	{
	  "type": "bewitchment:ritual",
	  "recipe": "bewitchment:deluge"
	}
  ]
}
