{
  "name": "Animals",
  "category": "world",
  "icon": "bewitchment:owlets_wing",
  "pages": [
	{
	  "type": "text",
	  "text": "Fauna of all shapes and sizes you may discover on your travels"
	},
	{
	  "type": "empty",
	  "draw_filler": false
	},
	{
	  "type": "text",
	  "title": "Owl",
	  "text": "A bird that commonly preys on rabbits and other small animals. It flies elegantly throughout dense forests, and can bestow this grace on witches."
	},
	{
	  "type": "entity",
	  "entity": "bewitchment:owl",
	  "scale": 0.75
	},
	{
	  "type": "text",
	  "title": "Raven",
	  "text": "A black bird common in forests. Ravens are known for their love of small shiny objects, such as gold and silver nuggets. Ravens are popular birds among witches who want to master spells."
	},
	{
	  "type": "entity",
	  "entity": "bewitchment:raven",
	  "scale": 0.75
	},
	{
	  "type": "text",
	  "title": "Snake",
	  "text": "A venomous reptile that feeds on small animals. This venom can also be “milked” from the snake using a Glass Bottle. Snakes are known to have a strong connection to spirits including demons, and can share this power with witches brave enough to seek this animal."
	},
	{
	  "type": "entity",
	  "entity": "bewitchment:snake",
	  "scale": 0.425
	},
	{
	  "type": "text",
	  "title": "Toad",
	  "text": "An amphibian common near freshwater, especially swamps, and feeds upon invertebrates. Toads are known to aid witches who wish to enhance their brews."
	},
	{
	  "type": "entity",
	  "entity": "bewitchment:toad",
	  "scale": 0.75
	},
	{
	  "type": "text",
	  "title": "Lizard",
	  "text": "A common reptile found everywhere from lush forests to arid lands. Lizards enjoy eating arthropods including spiders."
	},
	{
	  "type": "entity",
	  "entity": "bewitchment:lizard",
	  "scale": 0.5
	}
  ]
}
