{
  "name": "植物",
  "category": "world",
  "icon": "bewitchment:hellebore",
  "pages": [
	{
	  "type": "spotlight",
	  "item": "bewitchment:aconitum",
	  "text": "一种有毒的花的种子，可以在高大的草丛中找到。对狼和其他犬科动物有着突出的伤害效果，包括狼人。虽然有毒，但其他生物不大受影响。"
	},
	{
	  "type": "spotlight",
	  "item": "bewitchment:belladonna",
	  "text": "一个美丽而有毒的花，种子可以在高大的草丛中被发现。这种植物对精神的影响性使它被熟知，而且它是飞天软膏的主要成分。"
	},
	{
	  "type": "spotlight",
	  "item": "bewitchment:garlic",
	  "text": "葱属植物的一种，球茎可食。然而众所周知，吸血鬼需要避开这种植物，通常被用来抵抗那些吸血鬼。其他形式的亡灵生物也似乎不喜欢它。"
	},
	{
	  "type": "spotlight",
	  "item": "bewitchment:hellebore",
	  "text": "一种无害而且美丽的花，通常被种植于花园中。可以很容易地在杂草中发现它的种子。这朵花也以与恶魔的联系而闻名。"
	},
	{
	  "type": "spotlight",
	  "item": "bewitchment:mandrake_root",
	  "text": "一种奇怪的植物，拥有影响精神的特性和不可思议的外观。它的根包含巨大的魔力。可以在草地上发现这种植物的种子。"
	},
	{
	  "type": "spotlight",
	  "item": "bewitchment:white_sage",
	  "text": "适应干旱土地的植物。它的种子常常会被枯死的灌木所困。这种植物有能力驱赶恶魔和其他黑暗的灵魂。"
	},
	{
	  "type": "spotlight",
	  "item": "bewitchment:spanish_moss",
	  "text": "在沼泽地区可以发现的悬挂着的植物。尽管它的名字里带有苔藓（Moss），但它并不是一种苔藓，它实际上是一种开花植物，只不过它的花非常小，很难看清。寄生藤与灵体世界有着很深的关联，因此也可以和灵魂发生交互反应，它是制作巫毒娃娃的重要材料。"
	}
  ]
}
