{
  "name": "灵体",
  "category": "world",
  "icon": "bewitchment:spectral_dust",
  "pages": [
	{
	  "type": "text",
	  "text": "物质世界经常被超自然的事物所拜访，它们要么充当守护者和保护者，要么在某些情况下带有恶意地造成破坏。不管它们的性质如何，寒铁都是对付他们的实际工具。"
	},
	{
	  "type": "empty",
	  "draw_filler": false
	},
	{
	  "type": "text",
	  "title": "黑狗",
	  "text": "黑狗像一个巨大的影子犬，并以骚扰村镇、折磨住在那里的人而被熟知。如果受到攻击，黑狗可能会变得不可见，只有眼睛的光芒可见。"
	},
	{
	  "type": "entity",
	  "entity": "bewitchment:black_dog",
	  "scale": 0.5
	},
	{
	  "type": "text",
	  "title": "杜尔登",
	  "text": "人们通常会将这种生物与树精相混淆，实际上德鲁登可以被是作为树精的暗黑版本。这种邪恶生物常在黑暗的森林中徘徊，并袭击进入其领域的人类。而且据传闻，他们也会在野外打猎。"
	},
	{
	  "type": "entity",
	  "entity": "bewitchment:druden",
	  "scale": 0.8
	},
	{
	  "type": "text",
	  "title": "幽灵",
	  "text": "幽灵乃是死者的灵魂，它们要么凭借自身来完成自己身前的遗愿，警告他人危险，要么在某些情况下被女巫故意诱骗。它们还可能在某些古老的建筑中徘徊，甚至可能还会停留在他们死去的地方，去折磨那些造成他不公正死亡的人。"
	},
	{
	  "type": "entity",
	  "entity": "bewitchment:ghost",
	  "scale": 0.7
	},
	{
	  "type": "text",
	  "title": "暗影之民",
	  "text": "似人形的恶魔，隐约像是一个影子，它们似乎徘徊于已被遗弃的据点大厅，有时它会通过某些仪式被召入这个世界。所有与他们的相遇都以其满满的恶意结束。"
	},
	{
	  "type": "entity",
	  "entity": "bewitchment:shadow_person",
	  "scale": 0.8
	},
	{
	  "type": "text",
	  "title": "恶魔受胎",
	  "text": "恶魔受胎是恶魔和凡人的后代，但被遗弃在物质世界中。它们曾试图融入村民团体中，但它们在村民那似乎并不受待见。"
	},
	{
	  "type": "entity",
	  "entity": "bewitchment:cambion",
	  "scale": 0.8
	}
  ]
}
