{
  "name": "Alchemical Plants",
  "category": "cauldron_and_brewing",
  "icon": "bewitchment:torchwood",
  "pages": [
	{
	  "type": "text",
	  "text": "Various plants can be created through alchemy in a Cauldron"
	},
	{
	  "type": "bewitchment:cauldron_recipe",
	  "recipe": "bewitchment:embergrass",
	  "text": "An alchemically created plant. It emits burning cinders that ignite those who touch it. This plant will also spread, making it great for base defence."
	},
	{
	  "type": "bewitchment:cauldron_recipe",
	  "recipe": "bewitchment:torchwood",
	  "text": "An alchemically created plant. It emits light from the bulb at the end of its woody stem. Just as natural plants do, the Torchwood spreads."
	},
	{
	  "type": "bewitchment:cauldron_recipe",
	  "recipe": "bewitchment:frostflower",
	  "text": "While seeming as a living contradiction, this alchemically created flower’s fluids freeze on contact with the air, and can be crafted into a snowball."
	},
	{
	  "type": "bewitchment:cauldron_recipe",
	  "recipe": "bewitchment:flower_siphoning_poppy",
	  "text": "While looking like any other innocent flower, the alchemical-created Siphoning Flower is covered with tiny barbs and spines, and will take a sample of blood from those who touch it."
	},
	{
	  "type": "text",
	  "text": "This sample can be harvested by using a boline on the flower while an Empty Taglock is held in the offhand. This recipe is applicable to all vanilla flowers."
	},
	{
	  "type": "bewitchment:cauldron_recipe",
	  "recipe": "bewitchment:blue_ink_cap",
	  "text": "An alchemically created mushroom. This mushroom produces a rich blue pigment in its gelatinous gleba, allowing it to be used as a substitute for blue dye."
	}
  ]
}
