{
  "name": "Tallow and Candles",
  "category": "cauldron_and_brewing",
  "icon": "bewitchment:tallow",
  "pages": [
	{
	  "type": "text",
	  "text": "Tallow is rendered fat from the dead. While it sees use in some brews and rituals, it is most commonly used in Flying Ointment and Candles."
	},
	{
	  "type": "bewitchment:cauldron_recipe",
	  "recipe": "bewitchment:tallow",
	  "text": "Boiled fat of the dead. Used for candles and more."
	},
	{
	  "type": "crafting",
	  "recipe": "bewitchment:white_candle",
	  "text": "Candles can come in all 16 different colors!"
	},
	{
	  "type": "crafting",
	  "recipe": "bewitchment:flying_ointment",
	  "text": "A fairly grotesque mixture of tallow of the dead along with many toxic and aromatic plants with known psychoactive properties, brooms can be anointed with this mixture in order to imbue it with magic to allow it to fly."
	}
  ]
}
